---------------------------------------------------- LOCAL ---------------------------------------------------- 
insert into local (local_id, name, coordinates) values (1, 'Praia Fluvial do Taboão', NULL);
insert into local (local_id, name, coordinates) values (2, 'Casa da Guitarra', '41.145010 -8.610890');
insert into local (local_id, name, coordinates) values (3, 'Europarque', NULL);
insert into local (local_id, name, coordinates) values (4, 'Rivoli', NULL);
insert into local (local_id, name, coordinates) values (5, 'National Gallery', '51.507550 -0.127900');

---------------------------------------------------- FILE ---------------------------------------------------- 
insert into file (file_id, url) values (1, 'event/1.jpeg');
insert into file (file_id, url) values (2, 'event/2.jpg');
insert into file (file_id, url) values (3, 'event/3.jpeg');
insert into file (file_id, url) values (4, 'event/4.jpg');
insert into file (file_id, url) values (5, 'event/5.jpg');

---------------------------------------------------- PHOTO ---------------------------------------------------- 
insert into photo (photo_id) values (1);
insert into photo (photo_id) values (2);
insert into photo (photo_id) values (3);
insert into photo (photo_id) values (4);
insert into photo (photo_id) values (5);

---------------------------------------------------- USER ----------------------------------------------------  
-- hashed pasword using php5 algorithm
insert into user (id, email, name, password) values (1, 'akippie0@virginia.edu', 'Athene Kippie', '$2y$10$WHE2vxMvLe2tSb9fuU.9U./M24m0EbdTyqyfOkhHlv.ri4ihPI7DG'); --2tDNckscS9YK
insert into user (id, email, name, password) values (2, 'korrah1@posterous.com', 'Katya Orrah', '$2y$10$ULw9BCNOz922SN7sn7TgRuzQbuFAmD3lV9vgVFpoI2/4lSYAB/FDe'); --GB6uGx
insert into user (id, email, name, password) values (3, 'iradcliffe2@dropbox.com', 'Ignacius Radcliffe', '$2y$10$WROkhpLWVyj1Z7e489746.xhvZUGjBgCk96J7BVg05RKEwgbapkpm'); --1k9Rxx
insert into user (id, email, name, password) values (4, 'gstoney3@omniture.com', 'Gabriel Stoney', '$2y$10$tikQRwd1jXCjWsfSHgc9r.Rcir0NiXFneRzVOgRmofwFn74ymdi0W'); --kykWXnVth
insert into user (id, email, name, password) values (5, 'kpoytres4@deviantart.com', 'Kati Poytres', '$2y$10$Si0e59qZ9iafoRqxvf4Fous7nnOMVeUDNkotMVV/S0aido2wBHk02'); --Rm876cW
insert into user (id, email, name, password) values (6, 'ecardall5@shop-pro.jp', 'Evonne Cardall', '$2y$10$Vdat1Ok9jkqAsaOvUyRVweIAbFo0cs2XQ17XghdLuzd/REeN4ozF2'); --UIiXARyJ1
insert into user (id, email, name, password) values (7, 'chertwell6@fotki.com', 'Chic Hertwell', '$2y$10$IAHhV.EADQKKJRZPPu4A5O2VHETPnCA5VNLlgBWMAxBHHDZ7E9T/G'); --zoUdQRHaY
insert into user (id, email, name, password) values (8, 'splumptre7@illinois.edu', 'Selena Plumptre', '$2y$10$BvqdYpB/g7os22obPoRREeVWLbRhLsM/cIRtVzQ3u/3JXzWRzyyQi'); --EjTj1J4f
insert into user (id, email, name, password) values (9, 'elegrave8@amazon.de', 'Elga Legrave', '$2y$10$nWgha.UFsltv0oJl5ckj8unOwgLolcvsbsVHiDoRIBS5tW5dzvDBS'); --WrwEiFz8Q
insert into user (id, email, name, password) values (10, 'kcallf9@g.co', 'Karly Callf', '$2y$10$LkqfbL/4ahFVRnp/tUt4IO4cKJNDEPWcOyliWSXgSI2OBcHiv04li'); --B79NhfdKu
insert into user (id, email, name, password) values (11, 'gscafea@lycos.com', 'Gertrude Scafe', '$2y$10$ZOK2tLgUdEXnGD5j9euWTeo2H1JZiGUHfiSesdMj6m8EPMFhW1zc2'); --l1ZlyzC9A
insert into user (id, email, name, password) values (12, 'mdomeniconeb@upenn.edu', 'Marcille Domenicone', '$2y$10$.mUJlaoOojK.JXBitesunuGSeGlhcHrbcx0z5K7Se04x6Nbc.o5Ne'); --jLulNo3D17bw
insert into user (id, email, name, password) values (13, 'mbernardosc@unc.edu', 'Micheal Bernardos', '$2y$10$1vVWZ65TTB0hi4amM3CAu.otX48d4jJIQ/VwfKZpdWxABJ1bEXRHq'); --1Eca1BX3sns
insert into user (id, email, name, password) values (14, 'dsabattierd@omniture.com', 'Derrik Sabattier', '$2y$10$ZZyGxEKqiEJHZoBga1eR8.Dbmkpspb4JmCXb5dLb//On3YFW1t6Ci'); --6DLWnvR
insert into user (id, email, name, password) values (15, 'rweinse@samsung.com', 'Rick Weins', '$2y$10$j4ifWo/PVaJQVrnFebeiTOdbn6jSREBQQwA2TGskchjoYg/4FhMBm'); --wyFKYt9IYQv
insert into user (id, email, name, password) values (16, 'aalldridgef@netvibes.com', 'Adams Alldridge', '$2y$10$jj/Etq/DVuymWBGJ7waq8O/HMzGSUDPYcl8fLPRCQJGv9nhxu6MUe'); --yU2fYMg
insert into user (id, email, name, password) values (17, 'akneelg@discovery.com', 'Abbe Kneel', '$2y$10$x/4PIVOqzcoSqJaQzVHe/OOzIq9x.rrMPm.srfoGn4UIVeQkwlqGi'); --NjR1ufVQ
insert into user (id, email, name, password) values (18, 'apeachmanh@globo.com', 'Alyosha Peachman', '$2y$10$Vn5whD6rFZRZS/SHBsQUruXNb6f5cNI1WdYgM/Us4msKnpSJK406O'); --csP2RACoiT1
insert into user (id, email, name, password) values (19, 'klorenci@creativecommons.org', 'Katerina Lorenc', '$2y$10$IMQOQwCEbMnhfmtRANEj6u/i5/VnCQkZHqEFPwKk7Ffgzj7TDEeWa'); --Ey2DVRgwXKmU
insert into user (id, email, name, password) values (20, 'llightowlersj@reference.com', 'Linnell Lightowlers', '$2y$10$JxJyls4HxPUpn/ZVcmoXQermyXTIHzdf9JajK7rhMYNod31aRF5MK'); --NG6pFUwFEPOk
insert into user (id, email, name, password) values (21, 'vfrancklynk@army.mil', 'Vivyanne Francklyn', '$2y$10$v5CqeJLhURAgU17.qRdhl.uylgXUA9a8NzUUDvViQW.67yFy.M536'); --wI0jcvO
insert into user (id, email, name, password) values (22, 'mkeddlel@wufoo.com', 'Mikkel Keddle', '$2y$10$rz.fSXHdKAbA3IL0L499Ruq1H8hE64VaEYOXGLUB0GW3r4W08uwWu'); --hzAzcLg4hN
insert into user (id, email, name, password) values (23, 'cscedallm@pagesperso-orange.fr', 'Claybourne Scedall', '$2y$10$U26N4goH/l0TDD.K25721.ZgNnyNx2fVES3FVwXDWwz0Wx.4zqVLO'); --7zrPUp
insert into user (id, email, name, password) values (24, 'cleaburnn@nhs.uk', 'Carlin Leaburn', '$2y$10$MY3qNfrHE.W4Vbu9m5AnweYSqgpUaKpYHt6KCY27YE6ieUSjF/3.W'); --yLB12RVTw
insert into user (id, email, name, password) values (25, 'sfalliso@alibaba.com', 'Stanislaw Fallis', '$2y$10$6jJ461PrEziK/W0fJm7yquxMCYyoXSJ.aCDrSllshIpdwyn9HN7I.'); --ZRqaTrEN

---------------------------------------------------- EVENT ----------------------------------------------------  
insert into event (event_id, title, start_date, end_date, local, photo, event_type, owner_id, details) values (1, 'Vodafone Paredes De Coura 2020', '19-08-2020 03-00-00 PM', '23-08-2020 04-00-00 AM', 1, 1, 'public', 1, 'A história da música em Portugal não seria a mesma sem o Festival Paredes de Coura. Ao longo dos seus 26 anos de existência, o mais antigo e carismático festival português tem feito história na descoberta de novas promessas musicais e na apresentação dos nomes mais consagrados da música a nível mundial. Com uma programação cuidada e coerente, sempre fiel ao espírito alternativo que o caracteriza, o Festival Paredes de Coura, que acontece junto à praia fluvial do Taboão já foi considerado um dos 5 melhores festivais de música da Europa pela revista Rolling Stone. Arcade Fire, Pixies, Nick Cave, PJ Harvey, Coldplay e Morrisey, são apenas alguns dos nomes que já pisaram o palco deste festival. Depois de um ano que ficou marcado na memória das mais de 100.000 pessoas presentes na última edição o Vodafone Paredes de Coura está de regresso nos dias 19, 20, 21 e 22 de Agosto 2020.');
insert into event (event_id, title, start_date, end_date, local, photo, event_type, owner_id, details) values (2, 'Porto: Fado Show with Port Wine', '19-03-2020 07-00-00 PM', '19-03-2020 10-00-00 PM', 2, 2, 'private', 20, 'Have a meeting with portuguese culture, contacting with very unique cultural values – fado, portuguese tradicional stringed instruments, wine – deeply related with the history of Portugal.
The one hour-long concert starts with the emotional voice of our leading female singer, followed by the rich sounds of the portuguese guitar and the viola de fado (guitar). On the pause, it will be served a reserve port wine from a portuguese family-owned company of Douro Valley.
An hour-long concert that drive us through the intense emotions of Fado.');
insert into event (event_id, title, start_date, end_date, local, photo, event_type, owner_id, details) values (3, 'II WORLD OF DANCE PORTUGAL', '14-06-2020 11-00-00 AM', '14-06-2020 10-00-00 PM', 3, 3, 'public', 10, 'Seeking world domination. Our Championship Series features global talent throwing down the gauntlet and staking their claim as the best dancers in the world. An international dance battle with thousands of spectators and a no-holds-barred opportunity to prove themselves as the ultimate victor. Conquer the world and preserve your legacy with a feature on our acclaimed TV show, World of Dance on NBC.');
insert into event (event_id, title, start_date, end_date, local, photo, event_type, owner_id, details) values (4, 'Fantasporto 2020', '25-02-2020 11-00-00 AM', '08-03-2020 10-00-00 PM', 4, 4, 'public', 17, 'A cidade do Porto recebe um dos festivais de cinema mais prestigiados a nível europeu e mundial - o Fantasporto. Assim é conhecido familiarmente o Festival Internacional de Cinema do Porto. Faz 40 anos em 2020 e realizar-se-á no Rivoli Teatro entre 25 de Fevereiro e 8 de Março com o apoio da Câmara Municipal do Porto. São treze dias de Festa para o Mundo do Cinema, onde produtores, realizadores, actores, actrizes, distribuidores e público se fundem num programa multifacetado, com filmes de todas as proveniências e géneros. Não é, assim, de admirar que, a par de um filme de ficção científica ou de terror, seja exibido um drama intimista, um documentário, um filme de autor ou até uma obra de cariz experimental. Será um ano de festa, de celebração, de recordação dos grandes nomes do cinema que o Fantas catapultou para o estrelato. Também nomes grandes do Cinema têm passado pelo festival, entre eles, Max von Sydow, Guillermo del Toro, Wim Wenders, John Hurt, Rosana Arquette, Danny Boyle, Ben Kingsley, Paul Schrader, para apresentar os seus filmes. Será um ano de homenagens. Será um ano de transição para uma nova equipa, que ainda incluirá os seus fundadores. A estrutura competitiva será a mesma. Exibir-se-ão grandes clássicos. A programação, sempre muito recente, incorporará produções em antestreia mundial, internacional e europeia que fazem vir ao Porto dezenas de jornalistas e distribuidores estrangeiros para ver em “primeira mão” os filmes que ainda vão entrar no circuito comercial. Em paralelo, realizam-se também as “Industry Screenings”, um meio de ligação à Indústria do Cinema.');
insert into event (event_id, title, start_date, end_date, local, photo, event_type, owner_id, details) values (5, 'Titian: Love, Desire, Death', '01-02-2020 11-00-00 AM', '14-06-2020 10-00-00 PM', 5, 5, 'public', 17, '
Bodies flailing through the air, mythical creatures rushing by in a blur, golden rays of light and mounds and mounds of flesh: Titian’s poesie series is wild, dramatic, violent and very, very sensual.
The Renaissance master’s works are reunited in full here for the first time since the 1500s. The seven huge paintings here tell stories from Greek myth – ‘Diana and Actaeon’, ‘Venus and Adonis’, ‘The Rape of Europa’ – with heaving passion and lyrical intensity. At a time when painting was dominated by religious themes and visual restraint, these free-flowing works were a shock to the system. Like living in a world of Ken Loach films then suddenly watching Michael Bay’s ‘Transformers’.
‘Diana and Actaeon’ and ‘Diana and Callisto’ are the fleshiest things here, both filled with endless undulations of white and pink. In the first, Actaeon stumbles across the goddess Diana and her nude nymphs having a bath in the forest. Shocked and enraged by the peeping Tom, Diana turns him into a stag. Then in ‘The Death of Actaeon’ – darkest work in the series – Diana slays the half-stag Actaeon with her bow and arrow. He’s a blur of motion, caught in splodges of brown and ochre; she’s bright, golden and precise.
There are mirrored elements throughout the works: the whirling cherub in ‘The Rape of Europa’ echoes Perseus caught mid-air as he saves Andromeda from a sea monster; Adonis fleeing Venus has the same aggressive motion as Diana killing Actaeon, and on and on.
Furthermore, each work is the same shape and size (except for ‘Danäe’ which some plonker trimmed in the eighteenth century), so viewing them together, with all those repeated elements, is like watching an epic movie unfold around you in ultra-slow motion. There are so many narratives, emotions and actions happening that it’s almost impossible to take it all in. And that’s before you even start thinking about the actual art of it: the compositional genius, the sly looks, the wobbling flesh, the snarling dogs, the violence, the sex, the anger. There’s so much to see, so much to say, so much to analyse.
The captions, however, are brutally cringe and we could do with a whole lot more context from the gallery, but walking into that room and being totally surrounded by those paintings is totally magical. It’s taken 500 years for these pictures to be reunited, but it’s been more than worth the wait.');


---------------------------------------------------- SOCIAL MEDIA ---------------------------------------------------- 
insert into social_media (social_media_id, name, url) values (1, 'website', 'www.paredesdecoura.com');
insert into social_media (social_media_id, name, url) values (2, 'facebook', 'https://www.facebook.com/festivalparedesdecoura/');
insert into social_media (social_media_id, name, url) values (3, 'instagram', 'https://www.instagram.com/vodafoneparedesdecoura');
insert into social_media (social_media_id, name, url) values (4, 'facebook', 'https://www.facebook.com/events/europarque/world-of-dance-portugal-2020/965765303821049/');
insert into social_media (social_media_id, name, url) values (5, 'website', 'http://www.fantasporto.com/');
insert into social_media (social_media_id, name, url) values (6, 'website', 'https://www.nationalgallery.org.uk/exhibitions/titian-love-desire-death');

---------------------------------------------------- TAG ---------------------------------------------------- 
insert into tag (tags_id, name) values (1, 'music');
insert into tag (tags_id, name) values (2, 'dance');
insert into tag (tags_id, name) values (3, 'sculpture');
insert into tag (tags_id, name) values (4, 'painting');
insert into tag (tags_id, name) values (5, 'theater');
insert into tag (tags_id, name) values (6, 'cinema');
insert into tag (tags_id, name) values (7, 'litearature');
insert into tag (tags_id, name) values (8, 'comedy');
insert into tag (tags_id, name) values (9, 'traditional');
insert into tag (tags_id, name) values (10, 'festival');
insert into tag (tags_id, name) values (11, 'classics');

---------------------------------------------------- EVENT TAG ---------------------------------------------------- 
insert into event_tag (event_id, id_event_tags) values (1, 1);
insert into event_tag (event_id, id_event_tags) values (1, 10);
insert into event_tag (event_id, id_event_tags) values (2, 1);
insert into event_tag (event_id, id_event_tags) values (2, 9);
insert into event_tag (event_id, id_event_tags) values (3, 2);
insert into event_tag (event_id, id_event_tags) values (3, 10);
insert into event_tag (event_id, id_event_tags) values (4, 6);
insert into event_tag (event_id, id_event_tags) values (4, 10);
insert into event_tag (event_id, id_event_tags) values (5, 4);
insert into event_tag (event_id, id_event_tags) values (5, 11);

---------------------------------------------------- POST ---------------------------------------------------- 
insert into post (post_id, file_id, content, date, post_time, event_id, user_id) values (1, null, 'Great event!!!', '21-03-2020', '03-00-00 PM', 2, 2);
insert into post (post_id, file_id, content, date, post_time, event_id, user_id) values (2, null, 'Fantastic exhibiton! Higly recomend it!', '21-03-2020', '03-45-00 PM', 5, 19);
insert into post (post_id, file_id, content, date, post_time, event_id, user_id) values (3, null, 'Wow! Just wow!', '14-03-2020', '11-23-00 AM', 5, 21);

---------------------------------------------------- REVIEW ---------------------------------------------------- 
insert into review (event_id, user_id, score) values (2, 2, 5);
insert into review (event_id, user_id, score) values (2, 4, 4);
insert into review (event_id, user_id, score) values (2, 5, 5);
insert into review (event_id, user_id, score) values (2, 6, 3);
insert into review (event_id, user_id, score) values (5, 15, 4);
insert into review (event_id, user_id, score) values (5, 18, 5);
insert into review (event_id, user_id, score) values (5, 19, 5);
insert into review (event_id, user_id, score) values (5, 21, 5);
insert into review (event_id, user_id, score) values (5, 22, 5);
insert into review (event_id, user_id, score) values (5, 23, 5);
insert into review (event_id, user_id, score) values (5, 4, 5);

---------------------------------------------------- COLABORATORS EVENT ---------------------------------------------------- 
insert into collaborators_event (event_id, user_id) values (1, 3);
insert into collaborators_event (event_id, user_id) values (2, 4);
insert into collaborators_event (event_id, user_id) values (3, 5);
insert into collaborators_event (event_id, user_id) values (4, 21);
insert into collaborators_event (event_id, user_id) values (4, 22);

---------------------------------------------------- EVENT SOCIAL MEDIA---------------------------------------------------- 
insert into event_social_media (event_id, social_media_id) values (1, 1);
insert into event_social_media (event_id, social_media_id) values (1, 2);
insert into event_social_media (event_id, social_media_id) values (1, 3);
insert into event_social_media (event_id, social_media_id) values (3, 4);
insert into event_social_media (event_id, social_media_id) values (4, 5);
insert into event_social_media (event_id, social_media_id) values (5, 6);

---------------------------------------------------- WISHLIST ---------------------------------------------------- 
insert into wish_list (event_id, user_id) values (1, 3);
insert into wish_list (event_id, user_id) values (1, 19);
insert into wish_list (event_id, user_id) values (1, 13);
insert into wish_list (event_id, user_id) values (1, 14);
insert into wish_list (event_id, user_id) values (4, 7);
insert into wish_list (event_id, user_id) values (4, 8);
insert into wish_list (event_id, user_id) values (4, 12);
insert into wish_list (event_id, user_id) values (4, 14);
insert into wish_list (event_id, user_id) values (5, 14);
insert into wish_list (event_id, user_id) values (5, 15);
insert into wish_list (event_id, user_id) values (5, 16);
insert into wish_list (event_id, user_id) values (5, 18);

---------------------------------------------------- INVITATION ---------------------------------------------------- 
insert into invitation (invitation_id, event_id, invited_id, inviter_id, message, date, accepted) values (1, 2, 5, 20, 'Vem a este evento fantástico!', '10-03-2020', 1);
insert into invitation (invitation_id, event_id, invited_id, inviter_id, message, date, accepted) values (1, 2, 6, 20, 'Vem a este evento fantástico!', '10-03-2020', 0);
insert into invitation (invitation_id, event_id, invited_id, inviter_id, message, date, accepted) values (1, 2, 7, 20, 'Vem a este evento fantástico!', '10-03-2020', 1);
insert into invitation (invitation_id, event_id, invited_id, inviter_id, message, date, accepted) values (1, 2, 1, 217, 'Hey my friend! Thought you might me interested in this great exhibition!', '05-03-2020', 1);